Package ID,Created,Modified,Vendor Company,Vendor
1892481,6-Sep-24,29-Apr-25,Holiday Niseko,Shiki Koyuki
2382636,16-May-25,,Holiday Niseko,Asuka Value
2385900,22-May-25,,Holiday Niseko,Yotei Chalets
2355462,7-Apr-25,9-Jun-25,Holiday Niseko,Udelka B
2105971,7-Jan-25,23-Jul-25,Holiday Niseko,Shiki Koyuki
2430594,14-Jul-25,,Holiday Niseko,Kabayama Townhouses
2505702,10-Sep-25,,Holiday Niseko,La Plagne
2370567,2-May-25,,Holiday Niseko,Kokage
2380447,12-May-25,,Holiday Niseko,Nero
2390126,30-May-25,28-Jul-25,Holiday Niseko,Kihaku
2440000,23-Jul-25,,Holiday Niseko,Flow Niseko
2087191,2-Jan-25,31-Jan-25,Holiday Niseko,Nitai
2327443,15-Mar-25,,Holiday Niseko,Olaf House
2498142,3-Sep-25,12-Sep-25,Holiday Niseko,Yukon Apartments
2377706,7-May-25,,Holiday Niseko,Yuniseko
2482585,19-Aug-25,19-Aug-25,Holiday Niseko,Nero
2495931,1-Sep-25,,Holiday Niseko,Asuka 5 - 10
2307620,6-Mar-25,,Holiday Niseko,Kokage
2500084,5-Sep-25,,Holiday Niseko,Nitai
2409840,20-Jun-25,23-Jun-25,Chatrium Niseko,Chatrium Niseko
2385736,21-May-25,,Holiday Niseko,Mountain Butterfly
2506128,10-Sep-25,11-Sep-25,Holiday Niseko,Hikaru
2485199,21-Aug-25,25-Aug-25,Holiday Niseko,Asuka 5 - 10
2486400,22-Aug-25,,Holiday Niseko,Sawa Chalet Annupuri
2182699,28-Jan-25,,Holiday Niseko,Aozora
2277549,24-Feb-25,29-Apr-25,Holiday Niseko,Shiki Koyuki
2291657,1-Mar-25,29-Apr-25,Holiday Niseko,Shiki Koyuki
2497841,2-Sep-25,3-Sep-25,Holiday Niseko,Snowbird Studios
2130492,13-Jan-25,22-Jul-25,Holiday Niseko,Kabayama House
2194022,1-Feb-25,1-Feb-25,H2 Life,Kira Kira
2274905,23-Feb-25,,Holiday Niseko,Flow Niseko
2364079,22-Apr-25,23-Apr-25,Nisade,The Maples Niseko
2407293,16-Jun-25,,Holiday Niseko,Asuka 5 - 10
2483596,20-Aug-25,21-Aug-25,Holiday Niseko,Yotei Chalets
2303443,4-Mar-25,,Holiday Niseko,Aoyama Lodge 2
2385411,21-May-25,21-May-25,Chatrium Niseko,Chatrium Niseko
2414828,27-Jun-25,,Holiday Niseko,Hikaru
2414829,27-Jun-25,,Holiday Niseko,Ikigai
2482405,19-Aug-25,19-Aug-25,Holiday Niseko,Nero
2483333,20-Aug-25,,Holiday Niseko,Nichigo
2483863,20-Aug-25,,Holiday Niseko,Yotei Chalets
2485918,22-Aug-25,,Holiday Niseko,La Plagne
2499827,4-Sep-25,5-Sep-25,Holiday Niseko,Snowbird Studios
2501680,5-Sep-25,9-Sep-25,Holiday Niseko,Aster
2505026,9-Sep-25,,Holiday Niseko,The Fount Niseko
2130239,13-Jan-25,,Holiday Niseko,Ori
2237306,12-Feb-25,,Holiday Niseko,Sawa Chalet Annupuri
2321665,12-Mar-25,,Holiday Niseko,North Star
2332095,18-Mar-25,,Holiday Niseko,Snowbird Studios
2382468,15-May-25,,Holiday Niseko,Snowbird Studios
2416268,29-Jun-25,,Holiday Niseko,Lodge Mori
2473896,14-Aug-25,,Holiday Niseko,Yukon Apartments
2491647,27-Aug-25,,Holiday Niseko,The Fount Niseko
2495358,31-Aug-25,1-Sep-25,Holiday Niseko,Lodge Mori
2499062,3-Sep-25,5-Sep-25,Holiday Niseko,Yukon Apartments
2206814,4-Feb-25,8-Feb-25,Holiday Niseko,Asuka 5 - 10
2390686,31-May-25,,Holiday Niseko,Yukine
2436954,20-Jul-25,22-Jul-25,Holiday Niseko,Flow Niseko
2482922,19-Aug-25,,Holiday Niseko,Kihaku
2486393,22-Aug-25,1-Sep-25,Holiday Niseko,Aster
2491782,27-Aug-25,29-Aug-25,Holiday Niseko,Nichigo
2495495,31-Aug-25,1-Sep-25,Holiday Niseko,Avalon
2502702,7-Sep-25,,Holiday Niseko,Neyuki
2138403,15-Jan-25,28-Apr-25,Holiday Niseko,Ishi Couloir
2159415,21-Jan-25,,Holiday Niseko,Shinsetsu Apartments
2304311,5-Mar-25,5-Mar-25,H2 Life,Homerunner
2304763,4-Mar-25,,Holiday Niseko,Ise
2325499,15-Mar-25,15-Mar-25,Chatrium Niseko,Chatrium Niseko
2328953,16-Mar-25,16-Mar-25,Chatrium Niseko,Chatrium Niseko
2355972,8-Apr-25,,Holiday Niseko,Yoteiyama House
2384740,19-May-25,20-May-25,Chatrium Niseko,Chatrium Niseko
2389023,27-May-25,28-May-25,Holiday Niseko,Asuka Value
2188665,30-Jan-25,,Holiday Niseko,Mountain Butterfly
2265385,21-Feb-25,21-Feb-25,H2 Life,Konkuriito C - Yuki Ten
2323523,13-Mar-25,13-Mar-25,Chatrium Niseko,Chatrium Niseko
2357407,10-Apr-25,21-Apr-25,Holiday Niseko,Kabayama Chalet
2384153,18-May-25,,Holiday Niseko,Yuki Kawa
2414496,27-Jun-25,,Holiday Niseko,Kokage
2416478,29-Jun-25,,Holiday Niseko,Shinsetsu Apartments
2428162,11-Jul-25,,Holiday Niseko,Yukon Apartments
2456325,3-Aug-25,6-Aug-25,Holiday Niseko,Asuka 5 - 10
2467735,11-Aug-25,,Holiday Niseko,Akiyama
2488605,24-Aug-25,25-Aug-25,Holiday Niseko,Hanazaki Townhouses
2495484,31-Aug-25,,Holiday Niseko,Yuki no Taki 2
2504759,9-Sep-25,,Holiday Niseko,Snowbird Studios
2312935,8-Mar-25,28-May-25,Holiday Niseko,Kabayama Townhouses
2320811,11-Mar-25,,Holiday Niseko,Yotei Chalets
2342408,25-Mar-25,,Holiday Niseko,Hikaru
2348704,31-Mar-25,6-Jul-25,Holiday Niseko,Takayama
2404163,11-Jun-25,,Holiday Niseko,Aozora
2431943,16-Jul-25,,Hokkaido Travel,Shinsetsu (7~9)
2438143,21-Jul-25,,Holiday Niseko,Ebisu
2446364,28-Jul-25,,Holiday Niseko,Flow Niseko
2447197,28-Jul-25,30-Jul-25,Holiday Niseko,Snowbird Studios
2465575,10-Aug-25,,Holiday Niseko,Shinsetsu Apartments
2476666,15-Aug-25,,Holiday Niseko,Nichigo
2489267,25-Aug-25,,Holiday Niseko,Shinsetsu Apartments
2494915,31-Aug-25,1-Sep-25,Holiday Niseko,Snowbird Studios
2506952,12-Sep-25,12-Sep-25,Holiday Niseko,Kabayama Townhouses
2141673,16-Jan-25,,Holiday Niseko,Yukine
2165218,23-Jan-25,,Holiday Niseko,Neyuki
2182056,28-Jan-25,,Holiday Niseko,Neyuki
2182080,28-Jan-25,,Holiday Niseko,Cecuko
2357149,10-Apr-25,17-Apr-25,Midorinoki,Akazora
2370221,1-May-25,,Holiday Niseko,Fumoto
2406070,15-Jun-25,,Holiday Niseko,Ishi Couloir
2408367,18-Jun-25,,Holiday Niseko,Shiki Koyuki
2428920,12-Jul-25,,Holiday Niseko,Yukon Apartments
2451448,31-Jul-25,,Holiday Niseko,La Plagne
2461997,7-Aug-25,8-Aug-25,Holiday Niseko,Shinsetsu Apartments
2464959,9-Aug-25,26-Aug-25,Holiday Niseko,Flow Niseko
2478095,16-Aug-25,,Holiday Niseko,Snow House Onsen
2480964,18-Aug-25,,Holiday Niseko,Aster
2485092,21-Aug-25,,Holiday Niseko,The Fount Niseko
2206351,4-Feb-25,,Holiday Niseko,Shinsetsu Apartments
2212046,5-Feb-25,26-Jun-25,Holiday Niseko,Shinsetsu Apartments
2225445,9-Feb-25,23-Jul-25,Holiday Niseko,Midori House
2332321,18-Mar-25,,Holiday Niseko,Yutaka 2
2364425,23-Apr-25,23-Jun-25,Holiday Niseko,Kabayama Townhouses
2374107,4-May-25,7-May-25,Holiday Niseko,Seisei
2383039,16-May-25,,Holiday Niseko,Koyo Onsen Chalet
2402757,11-Jun-25,,Holiday Niseko,Avalon
2403423,11-Jun-25,,Holiday Niseko,Asuka 5 - 10
2412578,24-Jun-25,,Holiday Niseko,Shinsetsu Apartments
2413745,26-Jun-25,26-Jun-25,Holiday Niseko,Ruby Chalet
2430987,14-Jul-25,16-Jul-25,Holiday Niseko,Snowbird Studios
2473937,14-Aug-25,15-Aug-25,Holiday Niseko,Yotei Chalets
2484400,21-Aug-25,25-Aug-25,Holiday Niseko,Flow Niseko
2495399,31-Aug-25,1-Sep-25,Niseko Wow,Alpen Ridge
2092998,3-Jan-25,4-Jan-25,Holiday Niseko,Nitai
2099908,5-Jan-25,,Holiday Niseko,Udelka A
2102930,6-Jan-25,3-Aug-25,Holiday Niseko,Sakura
2187897,30-Jan-25,,Holiday Niseko,Annupuri Retro Lodge
2221879,8-Feb-25,,Holiday Niseko,Avalon
2222126,8-Feb-25,,Holiday Niseko,Birch Grove
2289451,28-Feb-25,,Holiday Niseko,Kabayama House
2364618,24-Apr-25,,Holiday Niseko,Yukon Apartments
2368563,29-Apr-25,6-May-25,Holiday Niseko,Sakura
2377366,6-May-25,6-May-25,Holiday Niseko,Ikigai
2384504,19-May-25,21-May-25,Holiday Niseko,Shinsetsu Apartments
2384773,19-May-25,20-May-25,Holiday Niseko,Shinsetsu Apartments
2405747,14-Jun-25,,Holiday Niseko,Yukon Apartments
2406555,15-Jun-25,16-Jun-25,Holiday Niseko,Lodge Mori
2429638,13-Jul-25,14-Jul-25,Holiday Niseko,Ishi Couloir
2457410,4-Aug-25,,Holiday Niseko,Yutaka 1
2488466,24-Aug-25,,Holiday Niseko,Himawari
2489303,25-Aug-25,,Holiday Niseko,Inari Chalet
2489803,25-Aug-25,26-Aug-25,Holiday Niseko,Snowbird Studios
2490773,26-Aug-25,,Holiday Niseko,Kihaku
2162602,22-Jan-25,22-Jan-25,Holiday Niseko,Cecuko
2162673,22-Jan-25,,Holiday Niseko,Cecuko
2232818,11-Feb-25,11-Feb-25,Holiday Niseko,Shiki Koyuki
2296907,3-Mar-25,6-Mar-25,Holiday Niseko,Kabayama Townhouses
2304271,4-Mar-25,,Holiday Niseko,Shinsetsu Apartments
2380478,12-May-25,,Holiday Niseko,Yukon Apartments
2380663,12-May-25,12-May-25,Holiday Niseko,Nichigo
2385086,20-May-25,,Holiday Niseko,The Fount Niseko
2393856,4-Jun-25,5-Jun-25,Niseko Management Service,Landmark View
2402931,11-Jun-25,11-Jun-25,Hokkaido Travel,Hatsuyuki
2409206,19-Jun-25,,Holiday Niseko,Akiyama
2411553,22-Jun-25,,Holiday Niseko,Avalon
2416459,29-Jun-25,30-Jun-25,Holiday Niseko,Asuka 5 - 10
2421477,5-Jul-25,5-Aug-25,Niseko Wow,Alpen Ridge
2424052,7-Jul-25,,Holiday Niseko,Flow Niseko
2430470,14-Jul-25,16-Jul-25,Holiday Niseko,Ishi Couloir
2434276,18-Jul-25,22-Jul-25,Holiday Niseko,Yuki no Taki 2
2459215,5-Aug-25,6-Aug-25,Holiday Niseko,Yuki no Taki 1
2476789,15-Aug-25,,Holiday Niseko,Asuka Value
2488598,24-Aug-25,25-Aug-25,Holiday Niseko,Olaf House
2490879,26-Aug-25,,Holiday Niseko,Flow Niseko
2493652,29-Aug-25,,Holiday Niseko,Hanazaki Townhouses
2495487,31-Aug-25,1-Sep-25,Holiday Niseko,Seisei
2507496,12-Sep-25,,Holiday Niseko,Flow Niseko
2069571,30-Dec-24,,Holiday Niseko,Annupuri Onsen Chalet
2242662,14-Feb-25,,Holiday Niseko,Zangetsu
2342346,25-Mar-25,3-Sep-25,Holiday Niseko,Nichigo
2364660,24-Apr-25,,Holiday Niseko,Ummei
2380683,12-May-25,22-Jul-25,Chatrium Niseko,Chatrium Niseko
2381537,14-May-25,20-May-25,Holiday Niseko,Udelka B
2389354,28-May-25,,Holiday Niseko,Shiki Koyuki
2407230,16-Jun-25,,Holiday Niseko,Annupuri Onsen Chalet
2421874,5-Jul-25,7-Jul-25,Holiday Niseko,Kokage
2438453,21-Jul-25,22-Jul-25,Holiday Niseko,Lodge Mori
2441320,24-Jul-25,25-Jul-25,Holiday Niseko,Ise
2445072,27-Jul-25,28-Jul-25,Holiday Niseko,Yukon Apartments
2449533,30-Jul-25,,Holiday Niseko,Nitai
2453975,1-Aug-25,3-Aug-25,Holiday Niseko,Snowbird Studios
2465143,9-Aug-25,,Holiday Niseko,Snowbird Studios
2473998,14-Aug-25,,Holiday Niseko,Flow Niseko
2482915,19-Aug-25,21-Aug-25,Holiday Niseko,Flow Niseko
2482980,19-Aug-25,,Holiday Niseko,Nero
2488808,24-Aug-25,,Holiday Niseko,Snowbird Studios
2504411,8-Sep-25,9-Sep-25,Holiday Niseko,Shiki Koyuki
2105790,7-Jan-25,7-Jan-25,Holiday Niseko,Kihaku
2105991,7-Jan-25,11-Aug-25,Holiday Niseko,Snow House Onsen
2287734,27-Feb-25,,Holiday Niseko,North Star
2294776,2-Mar-25,2-Mar-25,H2 Life,Fubuki
2322497,13-Mar-25,13-Mar-25,Niseko Management Service,Ginsetsu
2357012,9-Apr-25,,Holiday Niseko,Kabayama Chalet
2376338,5-May-25,,Holiday Niseko,Yuki Kawa
2380604,12-May-25,12-May-25,Holiday Niseko,Shinsetsu Apartments
2385020,20-May-25,20-May-25,Hokkaido Travel,Hatsuyuki
2385741,21-May-25,1-Jun-25,Holiday Niseko,Shinsetsu Apartments
2389455,28-May-25,,Holiday Niseko,Yotei Chalets
2453129,1-Aug-25,3-Aug-25,Holiday Niseko,Snowbird Studios
2492401,28-Aug-25,,Holiday Niseko,Neyuki
2151317,18-Jan-25,,Holiday Niseko,Cecuko
2185621,29-Jan-25,2-Feb-25,Holiday Niseko,La Plagne
2290875,28-Feb-25,,Holiday Niseko,Fumoto
2322531,12-Mar-25,29-Apr-25,Holiday Niseko,Shinsetsu Apartments
2348476,30-Mar-25,31-Mar-25,Chatrium Niseko,Chatrium Niseko
2363095,20-Apr-25,,Holiday Niseko,Asuka 5 - 10
2366312,26-Apr-25,,Holiday Niseko,Yotei Chalets
2393865,4-Jun-25,,Holiday Niseko,Lodge Mori
2393867,4-Jun-25,6-Jun-25,Holiday Niseko,Lodge Mori
2393880,4-Jun-25,,Holiday Niseko,Lodge Mori
2395425,6-Jun-25,17-Jun-25,Holiday Niseko,Aster
2405864,14-Jun-25,16-Jun-25,Holiday Niseko,Snowbird Studios
2408323,18-Jun-25,,Holiday Niseko,Himawari
2426290,10-Jul-25,10-Jul-25,Holiday Niseko,Hikaru
2441250,24-Jul-25,24-Jul-25,Holiday Niseko,The Fount Niseko
2499223,4-Sep-25,7-Sep-25,Holiday Niseko,Mizuki Onsen Townhouses
2305854,5-Mar-25,5-Mar-25,Holiday Niseko,Aster
2310322,7-Mar-25,10-Mar-25,Holiday Niseko,Kabayama Townhouses
2359018,16-Apr-25,21-Apr-25,M Group Niseko,M Lodge
2446834,23-Jun-25,25-Jun-25,Niseko Wow,Panorama Niseko
2417221,30-Jun-25,1-Jul-25,Holiday Niseko,Asuka Value
2436419,20-Jul-25,,Holiday Niseko,Lodge Mori
2189071,30-Jan-25,3-Jul-25,Holiday Niseko,Mountain Butterfly
2223292,8-Feb-25,,Holiday Niseko,Ruby Chalet
2260087,19-Feb-25,,Holiday Niseko,Ishi Couloir
2310125,7-Mar-25,22-Jul-25,Holiday Niseko,Snowbird Studios
2355933,8-Apr-25,,Holiday Niseko,Hikaru
2377704,7-May-25,,Holiday Niseko,Yuniseko
2408915,19-Jun-25,,Holiday Niseko,Koyo Onsen Chalet
2430810,14-Jul-25,,Holiday Niseko,Takayama
2433387,17-Jul-25,18-Jul-25,Holiday Niseko,Olaf House
2435317,19-Jul-25,,Holiday Niseko,Green House
2496953,1-Sep-25,2-Sep-25,Holiday Niseko,Flow Niseko
2497338,2-Sep-25,2-Sep-25,Niseko Management Service,Hinzan
2165211,23-Jan-25,26-Aug-25,Holiday Niseko,Neyuki
2234245,11-Feb-25,12-Feb-25,Holiday Niseko,Avalon
2252712,16-Feb-25,,Holiday Niseko,Annupuri Onsen Chalet
2271381,22-Feb-25,,Holiday Niseko,Shinsetsu Apartments
2283096,25-Feb-25,4-Mar-25,Holiday Niseko,Snowbird Studios
2283865,26-Feb-25,1-Jul-25,Holiday Niseko,Ebisu
2305256,5-Mar-25,5-Mar-25,Holiday Niseko,Nitai
2305260,5-Mar-25,,Holiday Niseko,Nitai
2335430,20-Mar-25,,Holiday Niseko,Asuka 5 - 10
2355411,6-Apr-25,9-Apr-25,Holiday Niseko,Flow Niseko
2356654,9-Apr-25,,Holiday Niseko,Flow Niseko
2356660,9-Apr-25,,Holiday Niseko,Flow Niseko
2364561,24-Apr-25,,Holiday Niseko,Yukon Apartments
2364955,24-Apr-25,28-Apr-25,Holiday Niseko,Yuki no Taki 1
2383905,18-May-25,,Holiday Niseko,Yukon Apartments
2388078,26-May-25,,Holiday Niseko,Shiki Koyuki
2393622,4-Jun-25,5-Jun-25,Holiday Niseko,Aozora
2394774,4-Jun-25,,Holiday Niseko,Cecuko
2412511,24-Jun-25,14-Jul-25,Holiday Niseko,Asuka Value
2412764,24-Jun-25,30-Jun-25,Holiday Niseko,Shinsetsu Apartments
2423569,7-Jul-25,9-Jul-25,Holiday Niseko,Shiki Koyuki
2424696,8-Jul-25,,Holiday Niseko,Sakura
2455856,3-Aug-25,12-Aug-25,Holiday Niseko,Lodge Mori
2473540,14-Aug-25,,Holiday Niseko,Sawa Chalet Annupuri
2498995,3-Sep-25,,Holiday Niseko,Birch Grove
2308911,6-Mar-25,,Holiday Niseko,Shinsetsu Apartments
2310028,7-Mar-25,7-Mar-25,Holiday Niseko,Shinsetsu Apartments
2338663,22-Mar-25,,Holiday Niseko,Yutaka 1
2358691,13-Apr-25,22-Apr-25,Holiday Niseko,Flow Niseko
2380609,12-May-25,1-Jun-25,Holiday Niseko,Flow Niseko
2382526,15-May-25,,Holiday Niseko,Flow Niseko
2392145,2-Jun-25,,Holiday Niseko,Shinsetsu Apartments
2406161,15-Jun-25,,Holiday Niseko,Seisei
2406403,15-Jun-25,,Holiday Niseko,Aoyama Lodge 2
2411424,22-Jun-25,,Holiday Niseko,Akiyama
2416002,29-Jun-25,15-Jul-25,Holiday Niseko,Kabayama Townhouses
2418744,2-Jul-25,,Holiday Niseko,Asuka 5 - 10
2418851,2-Jul-25,3-Jul-25,Holiday Niseko,Avalon
2425726,9-Jul-25,10-Jul-25,Holiday Niseko,Snowbird Studios
2489307,25-Aug-25,,Holiday Niseko,Inari Chalet
2489680,25-Aug-25,,Holiday Niseko,Yukon Apartments
2501649,5-Sep-25,9-Sep-25,Holiday Niseko,The Fount Niseko
2351785,1-Apr-25,,Holiday Niseko,North Star
2383556,18-May-25,19-May-25,Niseko Wow,Alpen Ridge
2393812,4-Jun-25,15-Jul-25,Holiday Niseko,Yukon Apartments
2406471,15-Jun-25,,Holiday Niseko,Shinsetsu Apartments
2412158,23-Jun-25,30-Jun-25,Holiday Niseko,Snowbird Studios
2438331,21-Jul-25,,Holiday Niseko,Seisei
2440429,23-Jul-25,,Holiday Niseko,The Fount Niseko
2446289,28-Jul-25,30-Jul-25,Holiday Niseko,Sakura
2458153,4-Aug-25,,Holiday Niseko,Snowbird Studios
2461073,6-Aug-25,7-Aug-25,Holiday Niseko,Snowbird Studios
2488780,24-Aug-25,25-Aug-25,Holiday Niseko,Flow Niseko
2321721,12-Mar-25,,Holiday Niseko,Midori House
2349235,1-Apr-25,,Holiday Niseko,Birch Grove
2357992,11-Apr-25,30-Jul-25,Holiday Niseko,Ummei
2360935,17-Apr-25,,Holiday Niseko,Fumoto
2363724,22-Apr-25,,Hokkaido Travel,Shinsetsu (7~9)
2363731,22-Apr-25,,Hokkaido Travel,Shinsetsu (7~9)
2380177,11-May-25,11-May-25,Holiday Niseko,Shinsetsu Apartments
2382833,16-May-25,,Holiday Niseko,Asuka 5 - 10
2382910,16-May-25,,Holiday Niseko,Yukon Apartments
2387686,25-May-25,,Holiday Niseko,Snowbird Studios
2417847,1-Jul-25,,Holiday Niseko,Kabayama Chalet
2456326,3-Aug-25,,Holiday Niseko,Lodge Mori
2466838,11-Aug-25,,Holiday Niseko,Kabayama Townhouses
2484133,20-Aug-25,,Holiday Niseko,Himawari
2495708,1-Sep-25,,Holiday Niseko,Snowbird Studios
2504348,8-Sep-25,9-Sep-25,Holiday Niseko,Himawari
2506318,11-Sep-25,,Holiday Niseko,Lodge Mori
2154813,19-Jan-25,28-Apr-25,Holiday Niseko,Flow Niseko
2168960,24-Jan-25,,Holiday Niseko,Cecuko
2413594,26-Jun-25,,Holiday Niseko,Kokage
2416438,29-Jun-25,,Holiday Niseko,Udelka B
2436267,20-Jul-25,,Holiday Niseko,Lodge Mori
2503699,8-Sep-25,,Holiday Niseko,Asuka Value
2105830,7-Jan-25,,Holiday Niseko,Yuki Kawa
2142015,16-Jan-25,3-Sep-25,Holiday Niseko,Asuka 5 - 10
2356458,8-Apr-25,8-Apr-25,Midorinoki,Akazora
2360748,16-Apr-25,,Holiday Niseko,Ise
2383307,17-May-25,20-May-25,Holiday Niseko,Yukon Apartments
2407305,16-Jun-25,,Holiday Niseko,Sawa Chalet Annupuri
2424217,8-Jul-25,,Holiday Niseko,Snowbird Studios
2431000,14-Jul-25,,Holiday Niseko,Kabayama House
2466187,10-Aug-25,12-Aug-25,Holiday Niseko,Lodge Mori
2180778,27-Jan-25,7-Sep-25,Holiday Niseko,Nichigo
2289512,28-Feb-25,,Holiday Niseko,Shinsetsu Apartments
2297919,3-Mar-25,,Holiday Niseko,Shinsetsu Apartments
2352904,2-Apr-25,3-Apr-25,Niseko Management Service,Sugarpot
2388005,26-May-25,,Holiday Niseko,Sakura
2412507,24-Jun-25,,Holiday Niseko,Kabayama Townhouses
2432610,16-Jul-25,,Holiday Niseko,Nitai
2439686,22-Jul-25,,Holiday Niseko,Yotei Chalets
2448779,29-Jul-25,30-Jul-25,Holiday Niseko,Nitai
2450846,30-Jul-25,31-Jul-25,Holiday Niseko,Flow Niseko
2454983,2-Aug-25,,Holiday Niseko,Aster
2244394,14-Feb-25,,Holiday Niseko,Zangetsu
2291873,1-Mar-25,,Holiday Niseko,Ikigai
2323292,13-Mar-25,15-Mar-25,Holiday Niseko,Neyuki
2348433,30-Mar-25,,Holiday Niseko,Flow Niseko
2348706,31-Mar-25,29-Apr-25,Holiday Niseko,Ishi Couloir
2359039,13-Apr-25,15-Apr-25,Holiday Niseko,Ruby Chalet
2369261,30-Apr-25,1-May-25,Holiday Niseko,Yukon Apartments
2376855,6-May-25,6-May-25,M Group Niseko,M Lodge
2390721,31-May-25,,Holiday Niseko,Shinsetsu Apartments
2405204,13-Jun-25,,Holiday Niseko,Takayama
2412439,24-Jun-25,24-Jun-25,Niseko Management Service,Forest Estate
2414580,27-Jun-25,,Holiday Niseko,Sakura
2430505,14-Jul-25,,Holiday Niseko,Snowbird Studios
2454940,2-Aug-25,3-Aug-25,Holiday Niseko,Yukon Apartments
2472524,14-Aug-25,15-Aug-25,Holiday Niseko,Lodge Mori
2478793,17-Aug-25,,Holiday Niseko,Aozora
2479924,18-Aug-25,19-Aug-25,Holiday Niseko,Shinsetsu Apartments
2482634,19-Aug-25,,Holiday Niseko,Avalon
2492796,28-Aug-25,,Holiday Niseko,Ishi Couloir
2493505,29-Aug-25,,Holiday Niseko,Flow Niseko
2149876,18-Jan-25,,Holiday Niseko,Seisei
2224730,9-Feb-25,,Holiday Niseko,Cecuko
2348394,30-Mar-25,,Holiday Niseko,Yukine
2349130,31-Mar-25,,Holiday Niseko,Snowbird Studios
2356314,8-Apr-25,,Holiday Niseko,Yukon Apartments
2381061,13-May-25,,Holiday Niseko,Yuki no Taki 2
2407908,17-Jun-25,24-Jun-25,Holiday Niseko,Lodge Mori
2417740,1-Jul-25,,Holiday Niseko,Snowbird Studios
2427252,10-Jul-25,,Holiday Niseko,Hikaru
2428260,12-Jul-25,14-Jul-25,Holiday Niseko,Asuka 5 - 10
2431871,16-Jul-25,16-Jul-25,Holiday Niseko,Asuka Value
2443369,25-Jul-25,,Holiday Niseko,Shinsetsu Apartments
2445585,27-Jul-25,,Holiday Niseko,Avalon
2452803,31-Jul-25,,Holiday Niseko,Kabayama Chalet
2461930,7-Aug-25,8-Aug-25,Holiday Niseko,Shinsetsu Apartments
2463389,8-Aug-25,,Holiday Niseko,Asuka Value
2499107,3-Sep-25,5-Sep-25,Holiday Niseko,Aster
2176347,26-Jan-25,,Holiday Niseko,Snowbird Studios
2307927,6-Mar-25,15-Mar-25,Holiday Niseko,La Plagne
2334366,19-Mar-25,,Holiday Niseko,Yutaka 1
2354980,7-Apr-25,7-Apr-25,Midorinoki,Akazora
2360517,16-Apr-25,20-Apr-25,Holiday Niseko,Neyuki
2430342,14-Jul-25,,Midorinoki,The Chalets at Country Resort
2432530,16-Jul-25,17-Jul-25,Holiday Niseko,Snowbird Studios
2435241,19-Jul-25,,Holiday Niseko,Koyo Onsen Chalet
2436754,20-Jul-25,17-Aug-25,Holiday Niseko,Kabayama Townhouses
2438524,21-Jul-25,,Holiday Niseko,Asuka Value
2464935,9-Aug-25,,Holiday Niseko,Snowbird Studios
2466479,10-Aug-25,14-Aug-25,Holiday Niseko,Himawari
2482588,19-Aug-25,19-Aug-25,Holiday Niseko,Nero
2491191,27-Aug-25,,Holiday Niseko,Sakura
2499444,4-Sep-25,,Holiday Niseko,Birch Grove
2505170,9-Sep-25,9-Sep-25,Midorinoki,The Chalets at Country Resort
2506131,10-Sep-25,,Holiday Niseko,Annupuri Retro Lodge
2308910,6-Mar-25,11-Mar-25,Holiday Niseko,Nitai
2321735,12-Mar-25,12-Mar-25,Holiday Niseko,Shinsetsu Apartments
2321748,12-Mar-25,12-Mar-25,Holiday Niseko,Shinsetsu Apartments
2330441,17-Mar-25,24-Jul-25,Holiday Niseko,Shinsetsu Apartments
2389022,28-May-25,28-May-25,Nisade,Intuition
2393475,4-Jun-25,,AYA Niseko,AYA Niseko
2417186,30-Jun-25,,Holiday Niseko,Olaf House
2424859,8-Jul-25,9-Jul-25,Holiday Niseko,Kabayama Townhouses
2436734,20-Jul-25,4-Aug-25,Holiday Niseko,Snowbird Studios
2460350,6-Aug-25,,Holiday Niseko,Annupuri Onsen Chalet
2482549,19-Aug-25,,Holiday Niseko,Asuka Value
2484266,20-Aug-25,,Holiday Niseko,Aoyama Lodge 2
2503526,7-Sep-25,,Holiday Niseko,Hanazaki Townhouses
2105874,7-Jan-25,,Holiday Niseko,Avalon
2349312,1-Apr-25,,Holiday Niseko,Asuka 5 - 10
2364707,24-Apr-25,24-Apr-25,Holiday Niseko,Ummei
2381647,14-May-25,,Holiday Niseko,Yutaka 2
2416625,29-Jun-25,,Holiday Niseko,Ishi Couloir
2431218,15-Jul-25,,Holiday Niseko,Yukon Apartments
2441128,24-Jul-25,,Holiday Niseko,Yuki no Taki 1
2448746,29-Jul-25,30-Jul-25,Holiday Niseko,Asuka 5 - 10
2463841,9-Aug-25,,Holiday Niseko,Shiki Koyuki
2466405,10-Aug-25,,Holiday Niseko,Shiki Koyuki
2489304,25-Aug-25,,Holiday Niseko,Midori House
2492565,28-Aug-25,,Holiday Niseko,Flow Niseko
2502304,6-Sep-25,9-Sep-25,Holiday Niseko,Lodge Mori
2091872,4-Jan-25,4-Jan-25,H2 Life,Konkuriito M - Asanagi
2094361,4-Jan-25,21-Feb-25,Holiday Niseko,Flow Niseko
2107704,7-Jan-25,,Holiday Niseko,Flow Niseko
2204389,3-Feb-25,,Holiday Niseko,Nitai
2267476,21-Feb-25,,Holiday Niseko,Flow Niseko
2323527,13-Mar-25,,Holiday Niseko,Cecuko
2338708,22-Mar-25,,Holiday Niseko,Flow Niseko
2387315,25-May-25,25-May-25,Midorinoki,Akazora
2401521,10-Jun-25,,Holiday Niseko,Aozora
2425604,9-Jul-25,,Holiday Niseko,Ishi Couloir
2120551,10-Jan-25,,Holiday Niseko,Shinsetsu Apartments
2128332,12-Jan-25,,Holiday Niseko,Shinsetsu Apartments
2201644,3-Feb-25,1-May-25,Holiday Niseko,Sakura
2323597,13-Mar-25,15-Mar-25,Holiday Niseko,Asuka 5 - 10
2356903,9-Apr-25,4-Aug-25,Holiday Niseko,Shinsetsu Apartments
2374848,4-May-25,,Holiday Niseko,Nichigo
2395609,6-Jun-25,,Holiday Niseko,Kabayama Townhouses
2405175,13-Jun-25,,Holiday Niseko,North Star
2465285,10-Aug-25,12-Aug-25,Holiday Niseko,Yukon Apartments
2487659,23-Aug-25,25-Aug-25,Niseko Management Service,Landmark View
2105774,7-Jan-25,,Holiday Niseko,Ruby Chalet
2342767,26-Mar-25,26-Mar-25,Nisade,Snow Crystal
2358523,12-Apr-25,,Holiday Niseko,Snowbird Studios
2383392,17-May-25,22-May-25,Niseko Black,Shirakaba
2384676,19-May-25,,Holiday Niseko,Shinsetsu Apartments
2386429,23-May-25,2-Jun-25,Holiday Niseko,Shinsetsu Apartments
2406424,15-Jun-25,,Holiday Niseko,Kihaku
2413646,26-Jun-25,,Holiday Niseko,Avalon
2423513,7-Jul-25,,Holiday Niseko,Aster
2431096,15-Jul-25,15-Jul-25,Holiday Niseko,Yukine
2440830,23-Jul-25,,Holiday Niseko,Kokage
2442008,24-Jul-25,25-Jul-25,Holiday Niseko,Ise
2449393,30-Jul-25,,Holiday Niseko,Lodge Mori
2452886,31-Jul-25,,Holiday Niseko,Hikaru
2464613,9-Aug-25,12-Aug-25,Holiday Niseko,Flow Niseko
2469227,12-Aug-25,,Holiday Niseko,Akiyama
2492615,28-Aug-25,,Holiday Niseko,Asuka Value
2499716,4-Sep-25,5-Sep-25,Holiday Niseko,Flow Niseko
2504139,8-Sep-25,,Holiday Niseko,Birch Grove
2258019,18-Feb-25,20-Feb-25,Holiday Niseko,Cecuko
2353656,4-Apr-25,4-Apr-25,Holiday Niseko,Nitai
2354197,4-Apr-25,,Holiday Niseko,Udelka A
2360032,15-Apr-25,15-Apr-25,Midorinoki,Akazora
2368661,29-Apr-25,,Holiday Niseko,Ishi Couloir
2384657,19-May-25,,Holiday Niseko,Snowbird Studios
2385218,21-May-25,,Hokkaido Travel,Shinsetsu (7~9)
2413885,26-Jun-25,,Holiday Niseko,Himawari
2415635,28-Jun-25,,Holiday Niseko,Yoteiyama House
2424990,8-Jul-25,,Holiday Niseko,Annupuri Onsen Chalet
2428967,12-Jul-25,,Holiday Niseko,Mountain Butterfly
2431275,15-Jul-25,16-Jul-25,Holiday Niseko,Yukon Apartments
2442035,24-Jul-25,25-Jul-25,Holiday Niseko,Asuka 5 - 10
2452490,31-Jul-25,,Holiday Niseko,Neyuki
2453457,1-Aug-25,,Holiday Niseko,Himawari
2453479,1-Aug-25,,Holiday Niseko,Yuki no Taki 2
2462228,7-Aug-25,8-Aug-25,Holiday Niseko,Shinsetsu Apartments
2462926,8-Aug-25,,Holiday Niseko,Shinsetsu Apartments
2465083,10-Aug-25,10-Aug-25,H2 Life,Gondola Chalets
2466532,11-Aug-25,,Holiday Niseko,Yukon Apartments
2470706,13-Aug-25,,Holiday Niseko,Koyo Onsen Chalet
2479114,17-Aug-25,,Holiday Niseko,Sakura
2488349,24-Aug-25,,Holiday Niseko,Snowbird Studios
2385758,22-May-25,22-May-25,Midorinoki,The Orchards Niseko
2386827,24-May-25,24-May-25,Midorinoki,The Chalets at Country Resort
2391743,1-Jun-25,1-Jun-25,Midorinoki,The Orchards Niseko
2392892,3-Jun-25,9-Jun-25,Midorinoki,The Chalets at Country Resort
2404684,12-Jun-25,17-Jun-25,Holiday Niseko,Kabayama Townhouses
2413502,25-Jun-25,,Holiday Niseko,Fumoto
2425468,9-Jul-25,,Holiday Niseko,Zangetsu
2426043,9-Jul-25,10-Jul-25,Midorinoki,The Chalets at Country Resort
2433707,18-Jul-25,18-Jul-25,Holiday Niseko,Green House
2446836,28-Jul-25,28-Jul-25,Midorinoki,Akazora
2488495,24-Aug-25,25-Aug-25,Holiday Niseko,Snowbird Studios
2489218,25-Aug-25,26-Aug-25,Holiday Niseko,Ebisu
2318321,10-Mar-25,,Holiday Niseko,Kabayama Chalet
2335020,20-Mar-25,,Holiday Niseko,Shiki Koyuki
2355917,8-Apr-25,,Holiday Niseko,Sawa Chalet Annupuri
2366851,27-Apr-25,,Holiday Niseko,Annupuri Retro Lodge
2367999,28-Apr-25,,Holiday Niseko,La Plagne
2383355,17-May-25,,Holiday Niseko,Flow Niseko
2408530,19-Jun-25,,Holiday Niseko,Yukon Apartments
2409147,19-Jun-25,23-Jun-25,Holiday Niseko,Yukon Apartments
2413853,26-Jun-25,,Holiday Niseko,Takayama
2414226,27-Jun-25,,Holiday Niseko,Nichigo
2421093,5-Jul-25,,Holiday Niseko,Flow Niseko
2384708,19-May-25,,Holiday Niseko,Snowbird Studios
2389489,28-May-25,,Holiday Niseko,Udelka B
2411363,22-Jun-25,,Holiday Niseko,Seisei
2418808,2-Jul-25,,Holiday Niseko,Nichigo
2425003,8-Jul-25,,Holiday Niseko,Shiki Koyuki
2433074,17-Jul-25,18-Jul-25,Holiday Niseko,Ishi Couloir
2447637,28-Jul-25,,Holiday Niseko,Seisei
2458915,5-Aug-25,,Holiday Niseko,Aoyama Lodge 2
2499540,4-Sep-25,,Holiday Niseko,Flow Niseko
2390480,30-May-25,2-Jun-25,Holiday Niseko,Yuki Kawa
2413733,26-Jun-25,,Holiday Niseko,Ikigai
2417041,30-Jun-25,1-Jul-25,Holiday Niseko,Cecuko
2426033,9-Jul-25,10-Jul-25,Holiday Niseko,Yotei Chalets
2427031,10-Jul-25,,Holiday Niseko,Yuki no Taki 2
2431672,15-Jul-25,,Holiday Niseko,Asuka Value
2481745,18-Aug-25,,Holiday Niseko,Lodge Mori
2389021,27-May-25,,Holiday Niseko,Shinsetsu Apartments
2425406,9-Jul-25,10-Jul-25,Holiday Niseko,Shinsetsu Apartments
2477166,16-Aug-25,,Holiday Niseko,Sakura
2477939,16-Aug-25,,Holiday Niseko,Avalon
2483533,20-Aug-25,,Holiday Niseko,Sakura
2503332,7-Sep-25,9-Sep-25,Holiday Niseko,Snowbird Studios
2505264,9-Sep-25,,Holiday Niseko,Ori
2329006,16-Mar-25,16-Mar-25,Holiday Niseko,Cecuko
2340010,23-Mar-25,,Holiday Niseko,Snowbird Studios
2340063,23-Mar-25,,Holiday Niseko,Snowbird Studios
2383784,18-May-25,21-May-25,Holiday Niseko,Koyo Onsen Chalet
2385607,21-May-25,,Holiday Niseko,Snowbird Studios
2387649,25-May-25,,Holiday Niseko,Shinsetsu Apartments
2392361,2-Jun-25,,Holiday Niseko,Asuka 5 - 10
2401318,10-Jun-25,,Holiday Niseko,Yukon Apartments
2409747,20-Jun-25,,Holiday Niseko,Ishi Couloir
2417297,30-Jun-25,,Holiday Niseko,Yoteiyama House
2419365,3-Jul-25,,Midorinoki,Akazora
2420716,4-Jul-25,,Holiday Niseko,Snowbird Studios
2424801,8-Jul-25,9-Jul-25,Holiday Niseko,Kihaku
2424802,8-Jul-25,9-Jul-25,Holiday Niseko,Asuka Value
2427165,10-Jul-25,,Holiday Niseko,Kabayama Townhouses
2427756,11-Jul-25,,Holiday Niseko,Flow Niseko
2430806,14-Jul-25,,Holiday Niseko,Shinsetsu Apartments
2434899,19-Jul-25,,Holiday Niseko,North Star
2453250,1-Aug-25,17-Aug-25,Holiday Niseko,Kabayama House
2486044,22-Aug-25,,Holiday Niseko,Nitai
2491333,27-Aug-25,,Holiday Niseko,Yukon Apartments
2501666,5-Sep-25,,Holiday Niseko,Yotei Chalets
2338139,22-Mar-25,22-Mar-25,Holiday Niseko,Neyuki
2378087,8-May-25,8-May-25,Niseko Management Service,Sugarpot
2412666,24-Jun-25,,Holiday Niseko,Mountain Butterfly
2422622,6-Jul-25,7-Jul-25,Holiday Niseko,Ishi Couloir
2426031,9-Jul-25,,Holiday Niseko,Yukon Apartments
2430724,14-Jul-25,16-Jul-25,Holiday Niseko,Yuki no Taki 1
2432681,16-Jul-25,,Holiday Niseko,Himawari
2432760,17-Jul-25,22-Aug-25,Midorinoki,The Chalets at Country Resort
2438354,21-Jul-25,,Holiday Niseko,Yukine
2445433,27-Jul-25,,Holiday Niseko,Ise
2459919,6-Aug-25,,Holiday Niseko,Aoyama Lodge 2
2463505,8-Aug-25,12-Aug-25,Holiday Niseko,Shinsetsu Apartments
2471298,13-Aug-25,14-Aug-25,Holiday Niseko,Shinsetsu Apartments
2493190,29-Aug-25,,Holiday Niseko,Aozora
2501725,5-Sep-25,,Holiday Niseko,Birch Grove
2501727,5-Sep-25,,Holiday Niseko,Snowbird Studios
2501976,6-Sep-25,9-Sep-25,Holiday Niseko,Snowbird Studios
2246885,15-Feb-25,,Holiday Niseko,Cecuko
2387499,25-May-25,,Holiday Niseko,Hikaru
2401468,10-Jun-25,16-Jun-25,Holiday Niseko,Fumoto
2409869,20-Jun-25,,Midorinoki,The Chalets at Country Resort
2425131,9-Jul-25,9-Jul-25,Holiday Niseko,Ishi Couloir
2426064,9-Jul-25,,Holiday Niseko,Asuka Value
2479514,17-Aug-25,,Holiday Niseko,Sakura
2492332,28-Aug-25,28-Aug-25,Niseko Management Service,Hinzan
2496920,1-Sep-25,2-Sep-25,Holiday Niseko,Flow Niseko
2497207,1-Sep-25,,Holiday Niseko,Flow Niseko
2506465,11-Sep-25,11-Sep-25,Holiday Niseko,The Fount Niseko
2305968,5-Mar-25,,Holiday Niseko,Udelka A
2342058,25-Mar-25,26-Mar-25,Holiday Niseko,Neyuki
2412467,24-Jun-25,,Holiday Niseko,Avalon
2429892,13-Jul-25,,Holiday Niseko,Nichigo
2444915,27-Jul-25,,Holiday Niseko,Shinsetsu Apartments
2445544,27-Jul-25,,Holiday Niseko,Akiyama
2454003,1-Aug-25,,Holiday Niseko,Yukon Apartments
2461379,7-Aug-25,7-Aug-25,Holiday Niseko,The Fount Niseko
2489865,25-Aug-25,26-Aug-25,Holiday Niseko,Flow Niseko
2502570,6-Sep-25,9-Sep-25,Holiday Niseko,Udelka B
2504116,8-Sep-25,,Holiday Niseko,Yotei Chalets
2504405,8-Sep-25,10-Sep-25,Midorinoki,The Chalets at Country Resort
2173797,25-Jan-25,,Holiday Niseko,Asuka 5 - 10
2419809,3-Jul-25,7-Jul-25,Holiday Niseko,Snowbird Studios
2433027,17-Jul-25,,Holiday Niseko,Yutaka 1
2433030,17-Jul-25,,Holiday Niseko,Yutaka 2
2465003,9-Aug-25,,Holiday Niseko,Kokage
2478630,17-Aug-25,18-Aug-25,Holiday Niseko,La Plagne
2482665,19-Aug-25,20-Aug-25,Holiday Niseko,Zangetsu
2487556,23-Aug-25,,Holiday Niseko,Flow Niseko
2488815,24-Aug-25,,Holiday Niseko,Olaf House
2491401,27-Aug-25,29-Aug-25,Holiday Niseko,Aster
2171989,25-Jan-25,,Holiday Niseko,Aozora
2347984,30-Mar-25,,Holiday Niseko,Nitai
2385336,21-May-25,29-May-25,Holiday Niseko,Snowbird Studios
2391715,1-Jun-25,,Holiday Niseko,Kabayama Townhouses
2395066,5-Jun-25,,Holiday Niseko,Asuka Value
2418135,1-Jul-25,1-Jul-25,Hokkaido Travel,Genji & Musashi
2422479,6-Jul-25,7-Jul-25,Holiday Niseko,Asuka 5 - 10
2480526,18-Aug-25,,Holiday Niseko,Yuki no Taki 2
2488434,24-Aug-25,25-Aug-25,Holiday Niseko,Yukon Apartments
2312463,8-Mar-25,,Holiday Niseko,Snowbird Studios
2312491,8-Mar-25,,Holiday Niseko,Snowbird Studios
2352891,2-Apr-25,3-Apr-25,Holiday Niseko,Nichigo
2412843,24-Jun-25,,Holiday Niseko,Shinsetsu Apartments
2419587,3-Jul-25,,Holiday Niseko,Asuka 5 - 10
2440328,23-Jul-25,24-Jul-25,Holiday Niseko,Shinsetsu Apartments
2448995,29-Jul-25,,Holiday Niseko,Annupuri Retro Lodge
2450823,30-Jul-25,,Holiday Niseko,Himawari
2452318,31-Jul-25,,Holiday Niseko,Shinsetsu Apartments
2453737,1-Aug-25,,Holiday Niseko,Snowbird Studios
2462171,7-Aug-25,,Holiday Niseko,Flow Niseko
2462208,7-Aug-25,,Holiday Niseko,Yukine
2493179,29-Aug-25,,Holiday Niseko,Yotei Chalets
2499770,4-Sep-25,,Holiday Niseko,Midori House
2504298,8-Sep-25,9-Sep-25,Niseko Management Service,Forest Estate
2228249,9-Feb-25,14-Feb-25,Holiday Niseko,Cecuko
2352223,2-Apr-25,,Holiday Niseko,Shinsetsu Apartments
2371187,2-May-25,2-May-25,Holiday Niseko,Snowbird Studios
2399681,8-Jun-25,8-Jun-25,Holiday Niseko,Ori
2408116,18-Jun-25,,Holiday Niseko,Kihaku
2427856,11-Jul-25,14-Jul-25,Holiday Niseko,Yukon Apartments
2431720,15-Jul-25,18-Jul-25,Holiday Niseko,Avalon
2434365,18-Jul-25,,Holiday Niseko,Mountain Butterfly
2445946,27-Jul-25,28-Jul-25,Holiday Niseko,Yukon Apartments
2450838,30-Jul-25,,Holiday Niseko,Lodge Mori
2454708,2-Aug-25,3-Aug-25,Holiday Niseko,North Star
2456537,4-Aug-25,4-Aug-25,Niseko Management Service,Loft Niseko
2462122,7-Aug-25,,Holiday Niseko,Asuka Value
2462652,8-Aug-25,8-Aug-25,Holiday Niseko,Sawa Chalet Annupuri
2463262,8-Aug-25,,Holiday Niseko,Akiyama
2471564,13-Aug-25,,Holiday Niseko,Shinsetsu Apartments
2483056,19-Aug-25,,Holiday Niseko,Flow Niseko
2487261,23-Aug-25,,Holiday Niseko,Birch Grove
2488677,24-Aug-25,25-Aug-25,Holiday Niseko,Sakura
2492462,28-Aug-25,,AYA Niseko,AYA Niseko
2506202,11-Sep-25,,Holiday Niseko,Yuniseko
2260062,19-Feb-25,,Holiday Niseko,Udelka B
2364668,24-Apr-25,24-Apr-25,Nisade,Snow Crystal
2411286,22-Jun-25,,Holiday Niseko,Flow Niseko
2414818,27-Jun-25,,Holiday Niseko,Cecuko
2425856,9-Jul-25,,Holiday Niseko,Seisei
2441795,24-Jul-25,25-Jul-25,Holiday Niseko,Asuka Value
2443210,25-Jul-25,,Holiday Niseko,Yukon Apartments
2461089,6-Aug-25,,Holiday Niseko,Avalon
2492221,28-Aug-25,29-Aug-25,Holiday Niseko,Ishi Couloir
2496849,1-Sep-25,,Holiday Niseko,Aoyama Lodge 2
2386161,22-May-25,22-May-25,Hokkaido Travel,Hatsuyuki
2408304,18-Jun-25,,Holiday Niseko,Snowbird Studios
2428070,11-Jul-25,,Holiday Niseko,Shiki Koyuki
2435491,19-Jul-25,,Holiday Niseko,Shiki Koyuki
2447618,28-Jul-25,,Holiday Niseko,Lodge Mori
2451473,31-Jul-25,,Holiday Niseko,Himawari
2481989,19-Aug-25,19-Aug-25,Holiday Niseko,Flow Niseko
2490350,26-Aug-25,,Holiday Niseko,Yotei Chalets
2497791,2-Sep-25,,Holiday Niseko,Shinsetsu Apartments
2503189,7-Sep-25,9-Sep-25,Holiday Niseko,Flow Niseko
2506887,11-Sep-25,,Holiday Niseko,Snowbird Studios
2401406,10-Jun-25,,Holiday Niseko,La Plagne
2413345,25-Jun-25,,Holiday Niseko,Yuki Kawa
2414839,27-Jun-25,30-Jun-25,Holiday Niseko,Asuka Value
2422769,6-Jul-25,27-Aug-25,Holiday Niseko,Sakura
2426009,9-Jul-25,,Holiday Niseko,Nitai
2436661,20-Jul-25,23-Jul-25,Holiday Niseko,Ruby Chalet
2439558,22-Jul-25,,Holiday Niseko,Ishi Couloir
2451017,30-Jul-25,31-Jul-25,Holiday Niseko,Yukon Apartments
2478984,17-Aug-25,18-Aug-25,Holiday Niseko,Shinsetsu Apartments
2499878,4-Sep-25,5-Sep-25,Holiday Niseko,Sakura
2505569,10-Sep-25,10-Sep-25,Holiday Niseko,Snowbird Studios
2233548,11-Feb-25,,Holiday Niseko,Asuka 5 - 10
2405791,14-Jun-25,16-Jun-25,Holiday Niseko,Takayama
2424865,8-Jul-25,,Holiday Niseko,Nichigo
2433794,18-Jul-25,22-Jul-25,Holiday Niseko,Fumoto
2455895,3-Aug-25,,Holiday Niseko,Aozora
2471620,13-Aug-25,14-Aug-25,Holiday Niseko,Yuki no Taki 1
2482460,19-Aug-25,21-Aug-25,Holiday Niseko,Yotei Chalets
2490500,26-Aug-25,,Holiday Niseko,Flow Niseko
2499460,4-Sep-25,,Holiday Niseko,Ikigai
2499509,4-Sep-25,5-Sep-25,Holiday Niseko,Shinsetsu Apartments
2505255,9-Sep-25,10-Sep-25,Holiday Niseko,Yuki no Taki 2
2377935,7-May-25,8-May-25,Holiday Niseko,Shinsetsu Apartments
2420022,3-Jul-25,7-Jul-25,Holiday Niseko,Yukine
2431563,15-Jul-25,,Holiday Niseko,Yukon Apartments
2439778,22-Jul-25,,Holiday Niseko,Shinsetsu Apartments
2451605,31-Jul-25,,Holiday Niseko,Hikaru
2464926,9-Aug-25,12-Aug-25,Holiday Niseko,Snowbird Studios
2488571,24-Aug-25,25-Aug-25,Holiday Niseko,Lodge Mori
2494939,31-Aug-25,31-Aug-25,AYA Niseko,AYA Niseko
2191044,31-Jan-25,,Holiday Niseko,Cecuko
2356589,9-Apr-25,,Holiday Niseko,Asuka Value
2377672,7-May-25,,Holiday Niseko,Asuka 5 - 10
2446084,27-Jul-25,28-Jul-25,Holiday Niseko,Snowbird Studios
2476801,16-Aug-25,,Holiday Niseko,Flow Niseko
2484210,20-Aug-25,20-Aug-25,Holiday Niseko,Yuniseko
2485332,22-Aug-25,22-Aug-25,Hokkaido Travel,Genji & Musashi
2490867,26-Aug-25,,Holiday Niseko,Flow Niseko
2505960,10-Sep-25,,Holiday Niseko,Snowbird Studios
2506087,10-Sep-25,11-Sep-25,Holiday Niseko,Ise
2256369,18-Feb-25,,Holiday Niseko,Udelka A
2283709,26-Feb-25,8-Sep-25,Holiday Niseko,Ishi Couloir
2323132,13-Mar-25,7-Jul-25,Holiday Niseko,Shinsetsu Apartments
2352475,2-Apr-25,8-Apr-25,Holiday Niseko,Snow House Onsen
2357161,10-Apr-25,,Holiday Niseko,Asuka Value
2384191,18-May-25,,Midorinoki,Akazora
2403749,11-Jun-25,12-Jun-25,Holiday Niseko,Kabayama Townhouses
2408143,18-Jun-25,,Hokkaido Travel,Hatsuyuki
2427081,10-Jul-25,14-Jul-25,Holiday Niseko,Asuka Value
2438526,21-Jul-25,,Holiday Niseko,Nichigo
2488451,24-Aug-25,25-Aug-25,Holiday Niseko,Shinsetsu Apartments
2502499,6-Sep-25,,Holiday Niseko,Green House
2506345,11-Sep-25,,Holiday Niseko,Akiyama
2236651,12-Feb-25,27-Aug-25,Holiday Niseko,Sakura
2291246,28-Feb-25,,Holiday Niseko,Zangetsu
2320845,11-Mar-25,,Holiday Niseko,Snowbird Studios
2359566,14-Apr-25,28-Apr-25,Holiday Niseko,Aozora
2377671,7-May-25,7-May-25,Holiday Niseko,Himawari
2378340,8-May-25,,Holiday Niseko,Snowbird Studios
2386041,22-May-25,22-May-25,Midorinoki,Akazora
2387505,25-May-25,,Holiday Niseko,Fumoto
2408971,19-Jun-25,,Holiday Niseko,Asuka Value
2412734,24-Jun-25,,Holiday Niseko,Flow Niseko
2424044,7-Jul-25,,Holiday Niseko,Lodge Mori
2431562,15-Jul-25,,Holiday Niseko,Shinsetsu Apartments
2431837,15-Jul-25,15-Jul-25,M Group Niseko,M Lodge
2439307,22-Jul-25,24-Jul-25,Holiday Niseko,Flow Niseko
2439655,22-Jul-25,,Holiday Niseko,Ikigai
2451062,31-Jul-25,14-Aug-25,Holiday Niseko,Ebisu
2474384,15-Aug-25,,Holiday Niseko,Aster
2480029,18-Aug-25,,Holiday Niseko,Neyuki
2480564,18-Aug-25,,Holiday Niseko,Yoteiyama House
2492818,28-Aug-25,,Holiday Niseko,Annupuri Onsen Chalet
2506166,10-Sep-25,12-Sep-25,Holiday Niseko,Shiki Koyuki
2506280,11-Sep-25,,Holiday Niseko,Yukon Apartments
2230205,10-Feb-25,,Holiday Niseko,Neyuki
2320083,11-Mar-25,,Holiday Niseko,Hikaru
2411252,22-Jun-25,,Holiday Niseko,Yukon Apartments
2412097,23-Jun-25,,Holiday Niseko,Kabayama Townhouses
2450255,30-Jul-25,,Holiday Niseko,Takayama
2451043,30-Jul-25,31-Jul-25,Holiday Niseko,Aoyama Lodge 2
2463058,8-Aug-25,,Holiday Niseko,Avalon
2471326,13-Aug-25,,Holiday Niseko,Nichigo
2477967,16-Aug-25,,Holiday Niseko,Birch Grove
2492046,28-Aug-25,29-Aug-25,Holiday Niseko,Ummei
2492261,28-Aug-25,28-Aug-25,Niseko Management Service,Kizuna
2502071,6-Sep-25,9-Sep-25,Holiday Niseko,Midori House
2307624,6-Mar-25,,Holiday Niseko,Kokage
2322144,12-Mar-25,,Holiday Niseko,Mountain Butterfly
2384960,20-May-25,,Holiday Niseko,Snowbird Studios
2434302,18-Jul-25,,Holiday Niseko,Flow Niseko
2445451,27-Jul-25,,Holiday Niseko,Yuki no Taki 2
2454608,2-Aug-25,5-Aug-25,Holiday Niseko,Snowbird Studios
2460920,6-Aug-25,7-Aug-25,Holiday Niseko,Asuka Value
2254401,17-Feb-25,,Holiday Niseko,Flow Niseko
2370529,1-May-25,1-Jul-25,Holiday Niseko,Shinsetsu Apartments
2409756,20-Jun-25,,Holiday Niseko,Seisei
2411724,23-Jun-25,,Holiday Niseko,Annupuri Onsen Chalet
2429458,13-Jul-25,,Holiday Niseko,Ruby Chalet
2474105,14-Aug-25,,Holiday Niseko,Shinsetsu Apartments
2483020,19-Aug-25,,Holiday Niseko,Yukine
2483721,20-Aug-25,21-Aug-25,Holiday Niseko,Yuki no Taki 1
2497001,1-Sep-25,2-Sep-25,Holiday Niseko,Sakura
2499212,4-Sep-25,5-Sep-25,Holiday Niseko,Ishi Couloir
2504382,8-Sep-25,,Holiday Niseko,Yutaka 1
2327491,15-Mar-25,,Holiday Niseko,Snowbird Studios
2349296,1-Apr-25,1-Apr-25,Holiday Niseko,Yukon Apartments
2358923,15-Apr-25,16-Apr-25,Midorinoki,Akazora
2362223,19-Apr-25,19-Apr-25,Midorinoki,Akazora
2382164,15-May-25,15-May-25,Hokkaido Travel,Hatsuyuki
2389734,29-May-25,,Holiday Niseko,Kabayama Townhouses
2419846,3-Jul-25,,Holiday Niseko,Nitai
2441425,24-Jul-25,25-Jul-25,Holiday Niseko,Asuka 5 - 10
2442032,24-Jul-25,4-Aug-25,Holiday Niseko,Aster
2450949,30-Jul-25,3-Aug-25,Holiday Niseko,Flow Niseko
2460894,6-Aug-25,,Holiday Niseko,North Star
2479091,17-Aug-25,,Holiday Niseko,Shinsetsu Apartments
2486285,22-Aug-25,,Holiday Niseko,Himawari
2486368,22-Aug-25,25-Aug-25,Holiday Niseko,Yukon Apartments
2490648,26-Aug-25,,Holiday Niseko,Flow Niseko
2493298,29-Aug-25,29-Aug-25,Holiday Niseko,Green House
2352192,2-Apr-25,6-Apr-25,Holiday Niseko,Yukon Apartments
2439445,22-Jul-25,23-Jul-25,Holiday Niseko,Snowbird Studios
2460574,6-Aug-25,7-Aug-25,Holiday Niseko,Lodge Mori
2466274,10-Aug-25,,Holiday Niseko,Nitai
2344619,27-Mar-25,,Holiday Niseko,Takayama
2367310,28-Apr-25,29-Apr-25,Hokkaido Travel,Genji & Musashi
2368843,29-Apr-25,,Holiday Niseko,Cecuko
2376733,5-May-25,,Holiday Niseko,La Plagne
2414454,27-Jun-25,30-Jun-25,Holiday Niseko,Ise
2441979,24-Jul-25,,Holiday Niseko,Cecuko
2447461,28-Jul-25,30-Jul-25,Holiday Niseko,Snowbird Studios
2482514,19-Aug-25,22-Aug-25,Holiday Niseko,Shinsetsu Apartments
2484774,21-Aug-25,,Holiday Niseko,Snowbird Studios
2484843,21-Aug-25,25-Aug-25,Holiday Niseko,Flow Niseko
2488279,24-Aug-25,,Holiday Niseko,Himawari
2488619,24-Aug-25,,Holiday Niseko,Aster
2489772,25-Aug-25,,Holiday Niseko,Nichigo
2497138,1-Sep-25,,Holiday Niseko,Avalon
2505258,9-Sep-25,10-Sep-25,Holiday Niseko,Sawa Chalet Annupuri
2398301,8-Jun-25,,Holiday Niseko,Hikaru
2419271,2-Jul-25,,Holiday Niseko,Kihaku
2431842,15-Jul-25,,Holiday Niseko,Flow Niseko
2439112,22-Jul-25,23-Jul-25,Niseko Wow,Alpen Ridge
2440332,23-Jul-25,23-Jul-25,Niseko Management Service,Landmark View
2441869,24-Jul-25,,Holiday Niseko,Aozora
2486415,22-Aug-25,5-Sep-25,Holiday Niseko,Akiyama
2495462,31-Aug-25,31-Aug-25,Holiday Niseko,Lodge Mori
2495596,31-Aug-25,,Holiday Niseko,Zangetsu
2505650,10-Sep-25,10-Sep-25,Holiday Niseko,Kabayama Chalet
2407251,16-Jun-25,,Holiday Niseko,Shinsetsu Apartments
2414845,27-Jun-25,,Holiday Niseko,Kabayama House
2433130,17-Jul-25,,Holiday Niseko,Sakura
2441788,24-Jul-25,,Holiday Niseko,Seisei
2448319,29-Jul-25,,Holiday Niseko,Snowbird Studios
2455878,3-Aug-25,,Holiday Niseko,Ikigai
2477110,16-Aug-25,,Holiday Niseko,Asuka Value
2478082,16-Aug-25,,Holiday Niseko,Kabayama Townhouses
2479404,17-Aug-25,25-Aug-25,Holiday Niseko,Nichigo
2483032,19-Aug-25,21-Aug-25,Holiday Niseko,Avalon
2493416,29-Aug-25,,Holiday Niseko,Yuniseko
2364756,24-Apr-25,24-Apr-25,Holiday Niseko,Fumoto
2406892,16-Jun-25,,Hokkaido Travel,Shinsetsu (7~9)
2422724,6-Jul-25,,Holiday Niseko,Ishi Couloir
2445320,27-Jul-25,,Holiday Niseko,Yuki no Taki 1
2447300,28-Jul-25,30-Jul-25,Holiday Niseko,Midori House
2483069,19-Aug-25,,Holiday Niseko,Snowbird Studios
2489276,25-Aug-25,,Holiday Niseko,Aoyama Lodge 2
2499220,4-Sep-25,4-Sep-25,Niseko Black,Shirakaba
2439917,23-Jul-25,,Holiday Niseko,Ruby Chalet
2486289,22-Aug-25,,Holiday Niseko,Lodge Mori
2492527,28-Aug-25,,Holiday Niseko,Asuka Value
2506755,11-Sep-25,12-Sep-25,Holiday Niseko,Yuki Kawa
2393814,4-Jun-25,,Holiday Niseko,Yukon Apartments
2483582,20-Aug-25,,Holiday Niseko,Asuka Value
2486283,22-Aug-25,25-Aug-25,Holiday Niseko,Shinsetsu Apartments
2491557,27-Aug-25,5-Sep-25,Holiday Niseko,Aster
2494538,30-Aug-25,1-Sep-25,Holiday Niseko,Flow Niseko
2126345,12-Jan-25,6-May-25,Holiday Niseko,Shiki Koyuki
2322343,12-Mar-25,,Holiday Niseko,Cecuko
2332322,18-Mar-25,,Holiday Niseko,Yutaka 2
2364256,23-Apr-25,23-Apr-25,H2 Life,Yanagi House
2410133,21-Jun-25,8-Aug-25,Niseko Management Service,Landmark View
2414083,26-Jun-25,,Holiday Niseko,Takayama
2485510,22-Aug-25,,Holiday Niseko,Kihaku
2486345,22-Aug-25,,Holiday Niseko,Avalon
2491483,27-Aug-25,,Holiday Niseko,Yoteiyama House
2130167,13-Jan-25,,Holiday Niseko,Shiki Koyuki
2180788,27-Jan-25,,Holiday Niseko,Shinsetsu Apartments
2355682,7-Apr-25,8-Apr-25,Nisade,Niseko Kyo
2407209,16-Jun-25,,Holiday Niseko,Shinsetsu Apartments
2408339,18-Jun-25,,Holiday Niseko,Yukon Apartments
2411451,22-Jun-25,,Holiday Niseko,Shinsetsu Apartments
2416571,29-Jun-25,,Holiday Niseko,Flow Niseko
2427038,10-Jul-25,27-Aug-25,Holiday Niseko,Sakura
2435681,20-Jul-25,,Holiday Niseko,Ise
2446099,27-Jul-25,,Holiday Niseko,Aozora
2446241,28-Jul-25,,Holiday Niseko,Nichigo
2463555,8-Aug-25,,Holiday Niseko,Birch Grove
2476595,15-Aug-25,26-Aug-25,Holiday Niseko,Asuka Value
2483608,20-Aug-25,,Holiday Niseko,Nitai
2488682,24-Aug-25,,Holiday Niseko,Udelka A
2489309,25-Aug-25,,Holiday Niseko,Inari Chalet
2490780,26-Aug-25,,Holiday Niseko,Shinsetsu Apartments
2495830,1-Sep-25,,Holiday Niseko,Yuniseko
2125822,11-Jan-25,12-Jan-25,Holiday Niseko,Mountain Butterfly
2151265,18-Jan-25,,Holiday Niseko,North Star
2291428,1-Mar-25,,Holiday Niseko,Asuka 5 - 10
2350442,1-Apr-25,,Holiday Niseko,Sawa Chalet Annupuri
2428126,11-Jul-25,,Holiday Niseko,Ikigai
2465969,10-Aug-25,12-Aug-25,Holiday Niseko,Asuka 5 - 10
2474108,14-Aug-25,,Holiday Niseko,Nichigo
2492662,28-Aug-25,,Holiday Niseko,Nitai
2499742,4-Sep-25,5-Sep-25,Holiday Niseko,Flow Niseko
2502525,6-Sep-25,,Holiday Niseko,Snowbird Studios
2502527,6-Sep-25,,Holiday Niseko,Flow Niseko
2502529,6-Sep-25,,Holiday Niseko,Flow Niseko
2430872,14-Jul-25,17-Jul-25,Holiday Niseko,Seisei
2463025,8-Aug-25,,Holiday Niseko,Himawari
2474044,14-Aug-25,,Holiday Niseko,Yukine
2490201,26-Aug-25,26-Aug-25,Holiday Niseko,Asuka Value
2499307,4-Sep-25,5-Sep-25,Holiday Niseko,Lodge Mori
2375249,5-May-25,,Hokkaido Travel,Shinsetsu (7~9)
2421784,5-Jul-25,7-Jul-25,Holiday Niseko,Ishi Couloir
2435119,19-Jul-25,21-Jul-25,Holiday Niseko,Shinsetsu Apartments
2468709,12-Aug-25,,Holiday Niseko,Yukon Apartments
2457765,4-Aug-25,,Holiday Niseko,Green House
2467688,11-Aug-25,11-Aug-25,Holiday Niseko,La Plagne
2471379,13-Aug-25,14-Aug-25,Holiday Niseko,Asuka Value
2491689,27-Aug-25,,Holiday Niseko,Zangetsu
2494593,30-Aug-25,31-Aug-25,Holiday Niseko,Himawari
2495941,1-Sep-25,2-Sep-25,Holiday Niseko,Sakura
2505539,10-Sep-25,10-Sep-25,Holiday Niseko,Kabayama Townhouses
2491742,27-Aug-25,,Holiday Niseko,Flow Niseko
2420819,4-Jul-25,,Holiday Niseko,Nitai
2428450,12-Jul-25,,Holiday Niseko,Kihaku
2476452,15-Aug-25,,Holiday Niseko,Shinsetsu Apartments
2386692,23-May-25,,Holiday Niseko,Yukon Apartments
2491471,27-Aug-25,,Holiday Niseko,Snowbird Studios
2495536,31-Aug-25,,Holiday Niseko,Asuka 5 - 10
2505951,10-Sep-25,,Holiday Niseko,Yuki Kawa
2380457,12-May-25,12-May-25,Niseko Management Service,Hana & Jo
2406631,16-Jun-25,,Holiday Niseko,Asuka 5 - 10
2463277,8-Aug-25,,Holiday Niseko,Ummei
2469136,12-Aug-25,14-Aug-25,Holiday Niseko,Lodge Mori
2476622,15-Aug-25,,Holiday Niseko,Aozora
2486214,22-Aug-25,,Holiday Niseko,Nitai
2488862,25-Aug-25,,Holiday Niseko,Asuka Value
2340625,24-Mar-25,24-Mar-25,Holiday Niseko,Cecuko
2381174,13-May-25,,Holiday Niseko,Ise
2427388,11-Jul-25,,Holiday Niseko,Yukon Apartments
2497998,2-Sep-25,3-Sep-25,Holiday Niseko,Snowbird Studios
2099224,5-Jan-25,18-Mar-25,Holiday Niseko,Shinsetsu Apartments
2473196,14-Aug-25,,Holiday Niseko,Yukon Apartments
2503943,8-Sep-25,8-Sep-25,Midorinoki,The Chalets at Country Resort
2318461,10-Mar-25,11-Mar-25,Holiday Niseko,North Star
2378399,12-May-25,12-May-25,Nisade,The Maples Niseko
2446596,28-Jul-25,,Holiday Niseko,Aozora
2400011,9-Jun-25,16-Jun-25,Holiday Niseko,Zangetsu
2405749,14-Jun-25,,Holiday Niseko,Takayama
2482500,19-Aug-25,,Holiday Niseko,Ishi Couloir
2499860,4-Sep-25,4-Sep-25,Holiday Niseko,Mizuki Onsen Townhouses
2444681,26-Jul-25,5-Aug-25,Holiday Niseko,Ori
2464560,9-Aug-25,9-Aug-25,Hokkaido Travel,Genji & Musashi
2464927,9-Aug-25,,Holiday Niseko,Asuka 5 - 10
2484810,21-Aug-25,25-Aug-25,Holiday Niseko,Avalon
2125945,11-Jan-25,,Holiday Niseko,Avalon
2449773,30-Jul-25,,Holiday Niseko,Nitai
2470516,13-Aug-25,,Holiday Niseko,Hikaru
2470835,13-Aug-25,,Holiday Niseko,Mountain Butterfly
2413905,26-Jun-25,,Holiday Niseko,Avalon
2463618,8-Aug-25,,Holiday Niseko,Ise
2484916,21-Aug-25,25-Aug-25,Holiday Niseko,Yukon Apartments
2390538,30-May-25,,Holiday Niseko,Yutaka 1
2390543,30-May-25,,Holiday Niseko,Yutaka 2
2488462,24-Aug-25,,Holiday Niseko,Asuka Value
2502917,7-Sep-25,9-Sep-25,Holiday Niseko,Sakura
2297377,3-Mar-25,4-Aug-25,Holiday Niseko,Nichigo
2382252,15-May-25,15-May-25,Niseko Management Service,Forest Estate
2435387,19-Jul-25,22-Jul-25,Holiday Niseko,Aozora
2427226,10-Jul-25,,Holiday Niseko,Takayama
2456355,3-Aug-25,,Holiday Niseko,Udelka B
2505654,10-Sep-25,,Holiday Niseko,Inari Chalet
2336815,21-Mar-25,14-Jul-25,Holiday Niseko,Ishi Couloir
2406964,16-Jun-25,,Holiday Niseko,Flow Niseko
2165411,23-Jan-25,,Holiday Niseko,Asuka 5 - 10
2478085,16-Aug-25,,Holiday Niseko,Nitai
2415582,28-Jun-25,,Holiday Niseko,Kihaku
2501549,6-Sep-25,6-Sep-25,Nisade,The Maples Niseko
2363112,21-Apr-25,,Holiday Niseko,Shinsetsu Apartments
2501635,5-Sep-25,,Holiday Niseko,Hikaru
2367369,28-Apr-25,28-Apr-25,Nisade,Intuition
2492774,28-Aug-25,29-Aug-25,Holiday Niseko,Shinsetsu Apartments
2422925,6-Jul-25,,Holiday Niseko,Yukon Apartments
2431251,15-Jul-25,,Holiday Niseko,Yuki no Taki 1
2443267,25-Jul-25,,Holiday Niseko,Udelka B
2488898,25-Aug-25,25-Aug-25,Holiday Niseko,Mountain Butterfly
2355991,8-Apr-25,,Holiday Niseko,Yoteiyama House
2389527,29-May-25,,Holiday Niseko,Cecuko
2404919,13-Jun-25,16-Jun-25,Niseko Management Service,Landmark View
2448954,29-Jul-25,,Holiday Niseko,Takayama
2105801,7-Jan-25,,Holiday Niseko,Kihaku
2464842,9-Aug-25,12-Aug-25,Holiday Niseko,Aozora
2477689,16-Aug-25,,Holiday Niseko,Midori House
2485411,22-Aug-25,,Holiday Niseko,Hikaru
